t,ideal,servo,error
1.9073486328125e-06,30.000029960562262,30.0,2.9960562262232315e-05
0.02038288116455078,30.320118849193026,30.32,0.00011884919302573849
0.04066276550292969,30.63829500619082,30.64,0.001704993809180877
0.060930490493774414,30.95563336646479,30.96,0.0043666335352092744
0.08135366439819336,31.27442512950044,31.27,0.00442512950044005
0.10157895088195801,31.588836561219093,31.59,0.0011634387809067448
0.39838218688964844,35.85727438160685,35.86,0.0027256183931498867
0.4901390075683594,36.96069584729541,36.96,0.0006958472954110562
0.5106265544891357,37.18810859914097,37.19,0.0018914008590300568
0.613771915435791,38.21542192029655,38.22,0.004578079703449589
0.634162187576294,38.39378955820461,38.39,0.0037895582046090226
0.654393196105957,38.562255005304095,38.56,0.0022550053040930607
0.6748735904693604,38.723989674676126,38.72,0.003989674676127208
0.6950905323028564,38.874789922416625,38.87,0.004789922416627235
0.7154967784881592,39.01792629466264,39.02,0.002073705337366505
0.7360048294067383,39.152442290485915,39.15,0.0024422904859164873
0.7565891742706299,39.27790845172756,39.28,0.00209154827243907
0.7772359848022461,39.39401205503654,39.39,0.004012055036540119
0.7978072166442871,39.499864936449846,39.5,0.00013506355015380223
0.8182158470153809,39.595080315157375,39.6,0.004919684842626282
0.9636096954345703,39.983667115819884,39.98,0.0036671158198871012
0.9841477870941162,39.99689996132889,40.0,0.003100038671107086
1.0043339729309082,39.999768270955954,40.0,0.0002317290440458919
1.024590015411377,39.99254112440475,39.99,0.0025411244047504056
1.045398473739624,39.974583940999615,39.97,0.004583940999616232
1.0656695365905762,39.94684397096669,39.95,0.0031560290333132457
1.0865743160247803,39.90767517497392,39.91,0.0023248250260792247
1.107344627380371,39.858178795896,39.86,0.0018212041039973315
1.1275103092193604,39.80008380302594,39.8,8.38030259444622e-05
1.147883653640747,39.73140599881182,39.73,0.0014059988118262368
1.1686320304870605,39.65122201975663,39.65,0.0012220197566321644
1.1890969276428223,39.56209161773962,39.56,0.0020916177396159696
1.2098610401153564,39.46156040230177,39.46,0.0015604023017701252
1.2304060459136963,39.352183888624694,39.35,0.0021838886246925426
1.251255989074707,39.231227376707466,39.23,0.0012273767074688635
1.271829605102539,39.10216848061381,39.1,0.002168480613811141
1.292212724685669,38.96493040327871,38.96,0.004930403278706308
1.3127923011779785,38.817047316495454,38.82,0.0029526835045459165
1.3332598209381104,38.660831345107084,38.66,0.0008313451070875999
1.354013442993164,38.493292539802994,38.49,0.003292539802991712
1.3747928142547607,38.31650376714208,38.32,0.0034962328579197788
1.5325944423675537,36.69992684443675,36.7,7.315556324982708e-05
1.654984474182129,35.15806791670851,35.16,0.0019320832914857533
1.760371446609497,33.67581996185647,33.68,0.004180038143530851
1.865685224533081,32.094194001926674,32.09,0.00419400192667041
1.9647483825683594,30.55344818178817,30.55,0.00344818178816908
1.9850597381591797,30.234659542951853,30.23,0.004659542951852558
2.0807580947875977,28.73485432982903,28.73,0.00485432982902978
2.101332187652588,28.41499046829304,28.41,0.0049904682930410615
2.2137203216552734,26.705593467060698,26.71,0.004406532939302821
2.3368589878082275,24.952115697096886,24.95,0.0021156970968867483
2.455613851547241,23.4387186415142,23.44,0.0012813584858015759
2.542919874191284,22.46863705588198,22.47,0.0013629441180178503
2.5633459091186523,22.26147278620377,22.26,0.001472786203766674
2.6667423248291016,21.339151805496606,21.34,0.0008481945033942395
2.7692666053771973,20.649637976304625,20.65,0.00036202369537363666
2.8656272888183594,20.221931499757115,20.22,0.0019314997571164838
2.886335611343384,20.158966127930203,20.16,0.0010338720697973258
2.9915926456451416,20.000872011377787,20.0,0.0008720113777869187
3.0873258113861084,20.093932080271713,20.09,0.003932080271713545
3.1076509952545166,20.142629958787545,20.14,0.00262995878754424
3.2514469623565674,20.769926478456334,20.77,7.352154366557784e-05
3.345400094985962,21.436068050980786,21.44,0.003931949019214898
3.3655712604522705,21.603935353969895,21.6,0.00393535396989364
3.4835188388824463,22.748262404079696,22.75,0.0017375959203036473
3.5905044078826904,24.002135708594196,24.0,0.002135708594195762
3.6997878551483154,25.45712609707659,25.46,0.0028739029234117197
3.801074504852295,26.925886651005168,26.93,0.004113348994831512
3.9012608528137207,28.45521999689812,28.46,0.004780003101881647
4.012674570083618,30.199078529077788,30.2,0.0009214709222113981
4.10798716545105,31.68813573627676,31.69,0.001864263723241777
4.1285176277160645,32.00506622516944,32.01,0.0049337748305546825
4.21834659576416,33.36293161436244,33.36,0.002931614362438495
4.238914728164673,33.66538990433472,33.67,0.00461009566528503
4.335506200790405,35.02952941105061,35.03,0.0004705889493905602
4.355745792388916,35.30172657116582,35.3,0.001726571165825419
4.468613147735596,36.71399659265664,36.71,0.003996592656640985
4.557975769042969,37.68482563081112,37.68,0.004825630811119197
4.578488349914551,37.88697441841371,37.89,0.003025581586292958
4.674961805343628,38.72466690169854,38.72,0.004666901698541892
4.695747375488281,38.87954007651125,38.88,0.00045992348875500966
4.793659687042236,39.479317952397,39.48,0.0006820476030000577
4.81391453742981,39.57582971061587,39.58,0.004170289384127557
4.908002853393555,39.89576764063456,39.9,0.004232359365438754
4.928537368774414,39.937062182591774,39.94,0.002937817408223964
5.024458885192871,39.99262045384649,39.99,0.0026204538464895677
5.045086145401001,39.97493230260491,39.97,0.00493230260491373
5.144971609115601,39.74183455901458,39.74,0.0018345590145756319
5.16525673866272,39.664966659751315,39.66,0.004966659751318048
5.262552261352539,39.16155055780635,39.16,0.001550557806353936
5.282824277877808,39.02929242091997,39.03,0.0007075790800286086
5.38098406791687,38.262107347309765,38.26,0.002107347309767249
5.401536464691162,38.075960356600596,38.08,0.004039643399401882
5.50097918510437,37.06018343997269,37.06,0.00018343997268743806
5.521244049072266,36.83121287421843,36.83,0.0012128742184316366
5.620311975479126,35.616779995934536,35.62,0.0032200040654615236
5.641101837158203,35.34364662677414,35.34,0.0036466267741346314
5.722352981567383,34.22432100562098,34.22,0.004321005620980145
5.743155479431152,33.92594073896542,33.93,0.004059261034576878
5.835326910018921,32.55792981457342,32.56,0.002070185426582327
5.855679750442505,32.24760965204876,32.25,0.0023903479512412673
5.949588060379028,30.791041577898934,30.79,0.0010415778989347757
5.970519065856934,30.46291993537323,30.46,0.0029199353732280997
6.071651935577393,28.87686877342314,28.88,0.0031312265768583813
6.1693572998046875,27.37100854346677,27.37,0.0010085434667672644
6.190097093582153,27.05813906140684,27.06,0.0018609385931576128
6.294675350189209,25.53477618277983,25.53,0.004776182779828275
6.395699501037598,24.1769319529689,24.18,0.003068047031099752
6.4971022605896,22.961191120308122,22.96,0.0011911203081211852
6.58780837059021,22.023870848891736,22.02,0.0038708488917365003
6.608300447463989,21.8338825951857,21.83,0.0038825951857006658
6.7272748947143555,20.903665903249173,20.9,0.003665903249174818
6.807878494262695,20.451921662285827,20.45,0.0019216622858273524
6.828158378601074,20.36209951516971,20.36,0.0020995151697107417
6.919687986373901,20.079468448931202,20.08,0.000531551068796432
6.94054651260376,20.043576140265245,20.04,0.003576140265245442
7.038860559463501,20.01862485921206,20.02,0.0013751407879389888
7.059551000595093,20.043719096793794,20.04,0.003719096793794563
7.164708852767944,20.33282789482495,20.33,0.00282789482495005
7.248075246810913,20.74967688534445,20.75,0.00032311465555068253
7.26891827583313,20.878988072173474,20.88,0.0010119278265250387
7.377136468887329,21.703995364654936,21.7,0.003995364654937106
7.472012042999268,22.624996581113848,22.62,0.004996581113847043
7.492533206939697,22.846485231074798,22.85,0.0035147689252035264
7.5798563957214355,23.869147242473638,23.87,0.0008527575263634901
7.600274562835693,24.12563717067078,24.13,0.004362829329217277
7.693540334701538,25.369921446538285,25.37,7.855346171581346e-05
7.713923931121826,25.656043214774478,25.66,0.003956785225522452
7.819931983947754,27.20906298385637,27.21,0.0009370161436308422
7.912498474121094,28.62985284077272,28.63,0.00014715922727859265
7.933234453201294,28.95317068307829,28.95,0.003170683078291603
8.041223049163818,30.647077726357445,30.65,0.0029222736425538187
8.132999658584595,32.07398980821885,32.07,0.003989808218847202
8.153348207473755,32.38556147332851,32.39,0.004438526671492582
8.257885694503784,33.940977113380946,33.94,0.0009771133809479693
8.352061748504639,35.252571691254914,35.25,0.002571691254914299
8.37242865562439,35.52207356134082,35.52,0.0020735613408149334
8.481633424758911,36.86415222001092,36.86,0.004152220010922747
8.582583904266357,37.92636156528637,37.93,0.003638434713629124
8.683076620101929,38.78624629713766,38.79,0.0037537028623404467
8.774443864822388,39.37888618737631,39.38,0.0011138126236929224
8.794806003570557,39.48503710912268,39.49,0.004962890877322934
8.888495206832886,39.847001816700825,39.85,0.00299818329917656
8.909127950668335,39.898297207620914,39.9,0.0017027923790848831
9.000788688659668,39.99999232601589,40.0,7.673984107725573e-06
9.021743059158325,39.994168116546874,39.99,0.0041681165468716586
9.119940280914307,39.82304823995882,39.82,0.0030482399588223075
9.140225410461426,39.75839461932171,39.76,0.0016053806782849733
9.24269413948059,39.28210282063718,39.28,0.0021028206371767055
9.340468168258667,38.603674467689345,38.6,0.0036744676893434303
9.361029863357544,38.434600110936486,38.43,0.004600110936486601
9.451528072357178,37.588449126532794,37.59,0.0015508734672096125
9.472360849380493,37.37130206164847,37.37,0.0013020616484737957
9.566838264465332,36.291108922335994,36.29,0.0011089223359945777
9.587504625320435,36.03550149055182,36.04,0.00449850944817598
9.687114000320435,34.71931382710473,34.72,0.0006861728952713975
9.707519054412842,34.43435487844274,34.43,0.004354878442740073
9.80159616470337,33.06631489466405,33.07,0.0036851053359470143
9.822258472442627,32.755826194825076,32.76,0.004173805174922052
9.916991710662842,31.300199653782283,31.3,0.00019965378228192776
9.937741756439209,30.976392117450786,30.98,0.003607882549214736
10.035536050796509,29.44209085265024,29.44,0.0020908526502374514
10.056060314178467,29.120544288605384,29.12,0.0005442886053828033
10.15497374534607,27.589649637518242,27.59,0.00035036248175757123
10.175665616989136,27.275534048417637,27.28,0.0044659515823646245
10.273058414459229,25.841118924804682,25.84,0.001118924804682564
10.294649600982666,25.535138092894822,25.54,0.004861907105176755
10.394865036010742,24.187593144994377,24.19,0.002406855005624209
10.490224599838257,23.03833891333074,23.04,0.0016610866692587933
10.510824203491211,22.809733367763542,22.81,0.000266632236456843
10.605391502380371,21.860341524132544,21.86,0.0003415241325441798
10.626041650772095,21.676224653192634,21.68,0.00377534680736602
10.722825288772583,20.932922756198586,20.93,0.002922756198586285
10.743298053741455,20.80200246257575,20.8,0.0020024625757493197
10.844851970672607,20.295496084863792,20.3,0.004503915136208292
10.937111139297485,20.04875329900965,20.05,0.0012467009903502912
10.957449436187744,20.022328456957084,20.02,0.0023284569570840574
11.050459861755371,20.031396012134266,20.03,0.001396012134264879
11.071307897567749,20.062665846385713,20.06,0.002665846385713877
11.177621364593506,20.3867061083649,20.39,0.0032938916350992997
11.268921852111816,20.879011102541206,20.88,0.0009888974587930477
11.289143562316895,21.013813916450204,21.01,0.003813916450202015
11.384512186050415,21.769240593936875,21.77,0.0007594060631248567
11.405147552490234,21.957620886897416,21.96,0.0023791131025845402
11.5076744556427,23.0146856824691,23.01,0.004685682469098396
11.605702638626099,24.194851510381586,24.19,0.0048515103815844896
11.62630033493042,24.461292524134365,24.46,0.0012925241343637595
11.72654914855957,25.835513725651694,25.84,0.004486274348305841
11.814285516738892,27.12400375372339,27.12,0.00400375372338857
11.834388256072998,27.42781915023088,27.43,0.002180849769118254
11.928013801574707,28.87165156112535,28.87,0.0016515611253495877
11.94843339920044,29.19087919382915,29.19,0.0008791938291494716
12.04356837272644,30.683836300747377,30.68,0.003836300747376953
12.06397819519043,31.003276368098604,31.0,0.0032763680986036547
12.166575193405151,32.586802525451304,32.59,0.0031974745486991196
12.267248392105103,34.07571245577335,34.08,0.004287544226649231
12.366987705230713,35.450618957363865,35.45,0.0006189573638621937
12.38748836517334,35.71772966522118,35.72,0.0022703347788208816
12.496835231781006,37.03582884675263,37.04,0.00417115324736983
12.59096097946167,38.00590083199107,38.01,0.004099168008927734
12.611358642578125,38.19375001224112,38.19,0.0037500122411202597
12.70647931098938,38.95580866381602,38.96,0.004191336183978933
12.727441310882568,39.09741969723011,39.1,0.0025803027698927394
12.82824420928955,39.63825991799389,39.64,0.0017400820061084232
12.931923866271973,39.94288033597021,39.94,0.0028803359702109788
13.013126611709595,39.99787431137176,40.0,0.002125688628240141
13.03386640548706,39.98585361267688,39.99,0.004146387323125111
13.126740217208862,39.8024833214952,39.8,0.0024833214952053595
13.147153854370117,39.73403867129118,39.73,0.0040386712911839595
13.247206926345825,39.25549601429597,39.26,0.004503985704026547
13.340178966522217,38.605988912940305,38.61,0.004011087059694773
13.3606858253479,38.43750193781964,38.44,0.002498062180357863
13.458081483840942,37.521005886513365,37.52,0.0010058865133615313
13.478673934936523,37.303929416182505,37.3,0.003929416182508305
13.574859857559204,36.192668102321086,36.19,0.0026681023210883836
13.595484256744385,35.93509027695708,35.94,0.004909723042921144
13.694659233093262,34.61449319066277,34.61,0.004493190662770985
13.715192079544067,34.326005767287114,34.33,0.003994232712884127
13.812366485595703,32.90485364162611,32.9,0.004853641626112903
13.833001613616943,32.59322319227013,32.59,0.0032231922701271287
13.923827409744263,31.19366330299291,31.19,0.0036633029929085126
13.944163084030151,30.875960123357277,30.88,0.0040398766427216515
14.045849561691284,29.280419214574074,29.28,0.00041921457407312346
14.137434244155884,27.85791737286591,27.86,0.0020826271340901314
14.157600164413452,27.549630935081726,27.55,0.0003690649182743755
14.285266637802124,25.66749896694035,25.67,0.0025010330596515473
14.387586832046509,24.28100146059397,24.28,0.0010014605939687726
14.476449966430664,23.19528522167288,23.2,0.004714778327119973
14.49667739868164,22.96593314767179,22.97,0.004066852328207915
14.576703786849976,22.130290010958348,22.13,0.0002900109583485744
14.59699034690857,21.937708212777466,21.94,0.002291787222535646
14.694477319717407,21.129653231407985,21.13,0.0003467685920135466
14.715117692947388,20.98464872424818,20.98,0.004648724248180969
14.841011047363281,20.310231038103716,20.31,0.00023103810371694067
14.95552921295166,20.024388370379352,20.02,0.00438837037935258
15.064648151397705,20.051516783124832,20.05,0.001516783124831278
15.180020809173584,20.39715434210932,20.4,0.0028456578906776997
15.272700548171997,20.903505668094077,20.9,0.0035056680940783735
15.292934894561768,21.040101330960034,21.04,0.00010133096003528408
15.416668891906738,22.066487875776588,22.07,0.003512124223412627
15.539892673492432,23.38561684286921,22.07,1.3156168428692112
15.6589035987854,24.894769501874418,23.39,1.5047695018744172
15.72097897529602,25.75612627934332,24.89,0.8661262793433195
15.741285800933838,26.047065359705194,25.76,0.287065359705192
15.76255989074707,26.356171068638865,26.05,0.30617106863886434
15.782924890518188,26.655884291350077,26.36,0.29588429135007743
15.803555250167847,26.962990421362438,26.66,0.3029904213624377
15.823845148086548,27.26814068163065,26.96,0.30814068163065045
15.844356536865234,27.57944123516395,27.27,0.30944123516395194
15.864583015441895,27.888879595525545,27.58,0.30887959552554634
15.88519549369812,28.206413440304956,27.89,0.3164134403049559
15.905926942825317,28.527675798913545,28.21,0.3176757989135446
15.926116943359375,28.842051117517542,28.53,0.3120511175175409
15.94662857055664,29.16262525459464,28.84,0.32262525459464086
15.967089891433716,29.48327944097643,29.16,0.32327944097642813
15.98779034614563,29.808222963118286,29.48,0.3282229631182858
16.00834894180298,30.131141111936977,29.81,0.3211411119369778
16.02860116958618,30.449115003372807,30.13,0.31911500337280785
16.049180269241333,30.77175370309416,30.45,0.32175370309415996
16.06991696357727,31.096046645427066,30.77,0.3260466454270663
16.090272903442383,31.413256180874818,31.1,0.31325618087481644
16.110931634902954,31.733705332082867,31.41,0.32370533208286645
16.131267309188843,32.04736216051296,31.73,0.3173621605129604
16.152045249938965,32.36568058492057,32.05,0.31568058492057105
16.17272424697876,32.67998191303226,32.37,0.3099819130322601
16.1931893825531,32.98825014312224,32.68,0.30825014312223686
16.21392512321472,33.29744379203638,32.99,0.3074437920363806
16.234500646591187,33.6007916983828,33.3,0.3007916983828025
16.25511932373047,33.90100278024289,33.6,0.3010027802428894
16.275736808776855,34.19710520487569,33.9,0.2971052048756917
16.29642391204834,34.489783073107404,34.2,0.2897830731074009
16.316904067993164,34.77486446001223,34.49,0.28486446001222987
16.33763837814331,35.058448887239685,34.77,0.28844888723968154
16.3580424785614,35.33228069516677,35.06,0.27228069516677067
16.378406047821045,35.60010795172366,35.33,0.2701079517236593
16.39907932281494,35.86614640612106,35.6,0.26614640612105944
16.419301748275757,36.120400342629694,35.87,0.2504003426296961
16.43957829475403,36.36913451909787,36.12,0.249134519097872
16.46008801460266,36.61415564119831,36.37,0.24415564119831146
16.48035430908203,36.84952705487851,36.61,0.23952705487850778
16.50084686279297,37.08046783337929,36.85,0.23046783337928645
16.52178168296814,37.30881585427962,37.08,0.22881585427962392
16.542150020599365,37.52340199421429,37.31,0.21340199421428707
16.562894821166992,37.73403745012321,37.52,0.2140374501232074
16.583630084991455,37.93637019959633,37.73,0.20637019959633562
16.60402536392212,38.12717379083273,37.94,0.18717379083273045
16.62435221672058,38.30903869469072,38.13,0.17903869469071765
16.644917011260986,38.48441224840927,38.31,0.1744122484092685
16.665202617645264,38.648732533013295,38.48,0.16873253301329783
16.686029195785522,38.80829827786611,38.65,0.15829827786610906
16.7066969871521,38.95732935999753,38.81,0.14732935999752783
16.72697138786316,39.09435259737708,38.96,0.13435259737708094
16.747408628463745,39.22314163518596,39.09,0.13314163518595734
16.768108129501343,39.343894653313114,39.22,0.12389465331311555
16.7886962890625,39.45420036536239,39.34,0.11420036536238598
16.809381008148193,39.55506664660266,39.45,0.10506664660265841
16.829784393310547,39.644679961490404,39.56,0.08467996149040147
16.850648164749146,39.72607095228565,39.64,0.08607095228565242
16.870851755142212,39.79493250090286,39.73,0.06493250090286296
16.89130401611328,39.854594291847036,39.79,0.0645942918470368
16.91184973716736,39.90428875147037,39.85,0.05428875147036649
16.932583332061768,39.94398060336114,39.9,0.043980603361141846
16.953176259994507,39.972963767917236,39.94,0.032963767917237874
16.973426818847656,39.99128968627982,39.97,0.02128968627982175
16.9937162399292,39.99951286938934,39.99,0.00951286938934004
17.014005184173584,39.99758025338171,40.0,0.002419746618286922
17.034571409225464,39.98525865216102,40.0,0.014741347838977958
17.055145263671875,39.96250661765156,39.99,0.0274933823484389
17.075565099716187,39.92963732890652,39.96,0.0303626710934779
17.09644842147827,39.885456837652995,39.93,0.044543162347004284
17.117036819458008,39.83148783319212,39.89,0.05851216680787985
17.137486457824707,39.76770439884014,39.83,0.062295601159860325
17.157875299453735,39.69407760694138,39.77,0.07592239305862591
17.17805576324463,39.6114124489175,39.69,0.07858755108249937
17.198362827301025,39.51848058679914,39.61,0.09151941320085655
17.219033241271973,39.413940848692064,39.52,0.10605915130793875
17.239490509033203,39.30070800587035,39.41,0.10929199412964863
17.260010242462158,39.17748235923507,39.3,0.12251764076492577
17.280815839767456,39.04280665748874,39.18,0.13719334251126014
17.30247211456299,38.89236880139329,39.04,0.14763119860671026
17.3227481842041,38.742188690899596,38.89,0.14781130910040474
17.343159914016724,38.58204765822283,38.74,0.15795234177717532
17.363877296447754,38.41048863625995,38.58,0.1695113637400496
17.384352684020996,38.23218207241236,38.41,0.1778179275876397
17.405166387557983,38.04220327744312,38.23,0.1877967225568753
17.425525426864624,37.8480570133964,38.04,0.19194298660359976
17.445752143859863,37.64722458954207,37.85,0.20277541045793157
17.466022729873657,37.438212664910154,37.65,0.21178733508984493
17.4862642288208,37.22197620704553,37.44,0.21802379295446883
17.5066134929657,36.99723014441984,37.22,0.22276985558016094
17.527032136917114,36.764532800475116,37.0,0.2354671995248836
17.547600507736206,36.52309484941961,36.76,0.23690515058039097
17.568055391311646,36.27623626101894,36.52,0.24376373898106607
17.588207244873047,36.0266979615435,36.28,0.25330203845650345
17.609049558639526,35.76226067230559,36.03,0.26773932769441444
17.62954330444336,35.49622264568778,35.76,0.26377735431221794
17.649893045425415,35.226418041741795,35.5,0.2735819582582053
17.67025136947632,34.951156504479584,35.23,0.27884349552041243
17.690853595733643,34.66744418901886,34.95,0.2825558109811439
17.711235523223877,34.3819549061325,34.67,0.28804509386750254
17.7316575050354,34.091400343684754,34.38,0.28859965631524886
17.75202703475952,33.79739810757318,34.09,0.29260189242682344
17.772363901138306,33.49998917390981,33.8,0.3000108260901868
17.792769193649292,33.19799047551385,33.5,0.30200952448615226
17.813063621520996,32.89437351196459,33.2,0.3056264880354149
17.833656787872314,32.583282429624305,32.89,0.3067175703756959
17.85386061668396,32.27544420526691,32.58,0.3045557947330906
17.874208211898804,31.963100105777183,32.28,0.31689989422281784
17.894567251205444,31.648573439498207,31.96,0.3114265605017934
17.91485333442688,31.333496662795806,31.65,0.31650333720419255
17.935538291931152,31.010832759605037,31.33,0.319167240394961
17.957928895950317,30.66037044543087,31.01,0.34962955456913036
17.978429794311523,30.338759173071608,30.66,0.32124082692839195
17.998876810073853,30.017643016949783,30.34,0.32235698305021643
18.01946520805359,29.694288866175725,30.02,0.3257111338242744
18.04015064239502,29.369733206423852,29.69,0.32026679357614896
18.060757637023926,29.04706941827663,29.37,0.3229305817233694
18.08101797103882,28.730805109653225,29.05,0.3191948903467754
0.08179807662963867,95.76606918419961
0.12269139289855957,98.6189568671597
0.1451404094696045,100.17072539433606
0.16704559326171875,101.67272703963508
0.1891946792602539,103.17739576682412
0.21078872680664062,104.62901859223064
0.23339223861694336,106.13044487386954
0.25509095191955566,107.55266589834135
0.2781956195831299,109.04458593081702
0.3000326156616211,110.43162664606064
0.32181239128112793,111.79109132206989
0.3444647789001465,113.17794541538447
0.36701107025146484,114.52916996600706
0.3887364864349365,115.80211442141989
0.4109978675842285,117.07528276518671
0.43357229232788086,118.3325423868055
0.4553990364074707,119.51430554208694
0.47773194313049316,120.68755663944863
0.49991440773010254,121.8155267559157
0.5231833457946777,122.95721253179846
0.5451176166534424,123.99312985921819
0.566608190536499,124.96896686369064
0.5884442329406738,125.9196736134275
0.6200454235076904,127.22043048411234
0.6698992252349854,129.08488833529373
0.6923635005950928,129.84735426699277
0.7177293300628662,130.64861914396363
0.7406449317932129,131.3170419566622
0.762474536895752,131.90401602718015
0.7861835956573486,132.48569485539207
0.8106534481048584,133.02424458910644
0.8353426456451416,133.50320566837843
0.8581225872039795,133.88711433997412
0.8801937103271484,134.2054899693874
0.9021461009979248,134.46945367748842
0.9236352443695068,134.67663918331962
0.9455420970916748,134.83545705950934
0.9712083339691162,134.953986863468
0.993523359298706,134.99767127537348
1.0154807567596436,134.9866959078252
1.0367231369018555,134.9251517956879
1.0586044788360596,134.80946394306727
1.080848217010498,134.63760733816403
1.1025540828704834,134.41737542455965
1.1239049434661865,134.1503732807905
1.1455602645874023,133.8288430827855
1.1673762798309326,133.45365292339025
1.1886179447174072,133.03930959875242
1.210559368133545,132.56101721323336
1.2322030067443848,132.03968586899697
1.2538785934448242,131.46889091735653
1.2753453254699707,130.8562174857028
1.2972400188446045,130.18348622786544
1.3189043998718262,129.47105083473912
1.3406989574432373,128.7082179762133
1.3624961376190186,127.89992270972083
1.3843157291412354,127.04630226728199
1.4057137966156006,126.1669042787243
1.4275128841400146,125.22902011528085
1.4490697383880615,124.26093721716603
1.4709596633911133,123.23770793543738
1.492720603942871,122.18155900779625
1.514496088027954,121.08706922642739
1.535731554031372,119.98468584703795
1.557715654373169,118.80831006062877
1.5791795253753662,117.6266202735177
1.601003646850586,116.39290891622045
1.6228811740875244,115.12505180454053
1.6453795433044434,113.79028669663154
1.6674563884735107,112.45163930491599
1.6892600059509277,111.1030546206529
1.7108616828918457,109.74254676647008
1.7325940132141113,108.35087797731879
1.7542743682861328,106.94122994120865
1.7760584354400635,105.50505398301235
1.797435998916626,104.07801960911951
1.8191537857055664,102.61202897989267
1.840406894683838,101.16318454951005
1.8619236946105957,99.68369807879266
1.883305549621582,98.20252966825686
1.9049115180969238,96.69644436942458
1.9266934394836426,95.1702918504593
1.9494287967681885,93.57090939274386
1.9715850353240967,92.00786866031581
1.9946458339691162,90.37845923340285
2.0160915851593018,88.86267398782942
2.0388681888580322,87.25427619218198
2.0603408813476562,85.74113796291822
2.082148551940918,84.20936226616543
2.103968858718872,82.68349951490454
2.1261298656463623,81.14261847367065
2.1474380493164062,79.6711332070494
2.168776035308838,78.20918522735445
2.1904664039611816,76.73667818774831
2.2122151851654053,75.27566458354983
2.23396372795105,73.83184986805503
2.255570650100708,72.41611707137973
2.277230978012085,71.01721493268553
2.2984771728515625,69.66639586710477
2.3204917907714844,68.29062840233438
2.342036485671997,66.96934929693703
2.383455276489258,64.5046161236128
2.4049556255340576,63.26707527610529
2.426511287689209,62.05695809782786
2.4508373737335205,60.72985433987296
2.4727513790130615,59.57087412252646
2.494306802749634,58.4660232841468
2.5160796642303467,57.386728905665606
2.5374441146850586,56.36474941728312
2.5588173866271973,55.380248699682966
2.5805416107177734,54.41957265416555
2.602145195007324,53.50531335097398
2.6254663467407227,52.56556360941954
2.647995710372925,51.70540756139073
2.6693618297576904,50.933951426557876
2.691159248352051,50.19226929211473
2.7128617763519287,49.50017369659022
2.7349047660827637,48.845400184870215
2.7564878463745117,48.25208481016684
2.7779762744903564,47.709035267781
2.799227237701416,47.21936783516735
2.8209476470947266,46.76814374536279
2.8425474166870117,46.36932615342677
2.863802433013916,46.025897276088884
2.8853964805603027,45.72718518964496
2.906862735748291,45.48072251853299
2.9285638332366943,45.283010669762945
2.94983172416687,45.13965479799684
2.9714162349700928,45.045351136790536
2.9927818775177,45.00289245168981
3.0145533084869385,45.01175782059347
3.0358619689941406,45.07137985902079
3.0574398040771484,45.18304316963328
3.0786097049713135,45.34262789462506
3.1002514362335205,45.5568084463251
3.122572422027588,45.831506745527044
3.14414644241333,46.14861340213081
3.1653549671173096,46.50943276477238
3.187093734741211,46.929357498317415
3.2087790966033936,47.39828290181265
3.231114625930786,47.93293278842181
3.2527599334716797,48.500468517254724
3.2739756107330322,49.103295024933004
3.295590400695801,49.76416225902479
3.3173282146453857,50.475564210295964
3.3390567302703857,51.23271056687298
3.3608815670013428,52.03866944176233
3.382425308227539,52.878004739590295
3.4040520191192627,53.76332520731712
3.426175117492676,54.71222280515116
3.4495718479156494,55.76208420567982
3.470633029937744,56.74673196142078
3.4921493530273438,57.79022978299182
3.513955593109131,58.88531863810189
3.535548686981201,60.005676903788284
3.5578062534332275,61.19660997263958
3.579509973526001,62.391821424677985
3.601149797439575,63.61545911556698
3.622708320617676,64.86481263211425
3.6438403129577637,66.11742919779022
3.66552734375,67.43029158662961
3.6878206729888916,68.80714007582071
3.710026502609253,70.20441970173079
3.732334613800049,71.63238157342087
3.754059076309204,73.04467255892426
3.7764344215393066,74.51989818797126
3.800219774246216,76.10901067410035
3.823085308074951,77.65497496895115
3.8468263149261475,79.27695387093749
3.8696677684783936,80.85157682303083
3.8922743797302246,82.42161203359954
3.914231300354004,83.95569157597117
3.93609881401062,85.49067237100402
3.9579665660858154,87.03098993341882
3.9812204837799072,88.67274673145675
4.003515243530273,90.24847666047127
4.026466608047485,91.87027541884537
4.047682762145996,93.36734531576056
4.0694420337677,94.89883998040953
4.091139554977417,96.42029203308353
4.112617015838623,97.9189750120952
4.134202718734741,99.41612767611232
4.155961513519287,100.91432618590267
4.1772847175598145,102.37017504372423
4.198898077011108,103.83166583165244
4.220192909240723,105.25603551479522
4.242328405380249,106.7185212524235
4.266064643859863,108.26426530416563
4.288858413696289,109.72476543274516
4.311485290527344,111.14956991854278
4.335733890533447,112.64679154801534
4.35889196395874,114.04603945165269
4.381668329238892,115.39120037177884
4.403557300567627,116.65335029827551
4.425785779953003,117.9028257464172
4.448156118392944,119.12593122177167
4.470803260803223,120.32753462149606
4.492912530899048,121.46359162009327
4.515693187713623,122.59444206609386
4.537944555282593,123.65873981568625
4.5597758293151855,124.66299335131
4.581795692443848,125.63463030942552
4.6053786277771,126.6279344730766
4.628178834915161,127.54050143956991
4.65098762512207,128.4052374127436
4.673151016235352,129.19829350015698
4.6952080726623535,129.9403828988207
4.718126535415649,130.6606562837849
4.7407026290893555,131.31865771494364
4.7633678913116455,131.926992514987
4.785975217819214,132.4808380302223
4.808016777038574,132.96925675998529
4.83089542388916,133.42174241456976
4.8535730838775635,133.8149173771434
4.875760316848755,134.14579100152534
4.8980114459991455,134.42376969886624
4.920076370239258,134.64583782356414
4.9418861865997314,134.8126389027834
4.964269161224365,134.9291410544363
4.986704587936401,134.9901868126369
5.0089802742004395,134.9955229260737
5.030940294265747,134.94686439071256
5.052714109420776,134.84582006240336
5.074800252914429,134.6897379077887
5.09716796875,134.47685119542035
5.1189446449279785,134.21684393263874
5.14028787612915,133.91181085195254
5.1616058349609375,133.55787488213778
5.183176040649414,133.15004453823565
5.2047364711761475,132.69290035604058
5.2261998653411865,132.18917975497175
5.248042106628418,131.6273438639573
5.270113229751587,131.00985314616875
5.292324066162109,130.33869921526127
5.314679145812988,129.6136130626424
5.358225584030151,128.06181562616877
5.3816821575164795,127.15166163200047
5.402905464172363,126.28466952631143
5.4243879318237305,125.3660303735609
5.446308612823486,124.38715195618784
5.467664003372192,123.3943040416461
5.489534378051758,122.33857924542373
5.511115074157715,121.25942516048661
5.532500743865967,120.15458729107212
5.55427622795105,118.99465764297705
5.576461315155029,117.77803564706163
5.599877834320068,116.4573220377539
5.623059511184692,115.11459275785559
5.645599365234375,113.7770959754425
5.669468641281128,112.32825770492529
5.692577123641968,110.89567737838
5.715085983276367,109.47378712716186
5.737418174743652,108.03899646786473
5.7600719928741455,106.5608732472782
5.783435583114624,105.01449542565761
5.80630087852478,103.48150630507448
5.828907012939453,101.94879016628892
5.851521968841553,100.40040230385966
5.874478340148926,98.8152269784865
5.89867377281189,97.13212689794723
5.921424865722656,95.54005783443426
5.94427490234375,93.93394690573214
5.966506481170654,92.3664252841867
5.988825559616089,90.78983408650376
6.011186122894287,89.20934025284123
6.03300929069519,87.6677561067124
6.055060863494873,86.11282741544444
6.077333688735962,84.54703770085887
6.099886894226074,82.96834572886871
6.123522520065308,81.32338923688444
6.15819787979126,78.93238210787364
6.184115648269653,77.16629777775235
6.206782102584839,75.63909782663998
6.229775667190552,74.1084664952724
6.252013683319092,72.64782792692122
6.273630142211914,71.24829044464246
6.296199798583984,69.8101326102783
6.317840576171875,68.45496916889121
6.339565992355347,67.11954762206541
6.361049175262451,65.82521009573388
6.382703542709351,64.54841965753954
6.404173135757446,63.31158852384954
6.425661563873291,62.10406340179068
6.447192907333374,60.92600247706024
6.47594952583313,59.404714168400645
6.497599840164185,58.30038653576824
6.518998146057129,57.24492985778432
6.540985822677612,56.198959699318266
6.562423229217529,55.21797245453311
6.583747386932373,54.281290177463326
6.605398654937744,53.371243160443306
6.626883029937744,52.510082863019385
6.648333311080933,51.69288025883263
6.670171022415161,50.905593729270514
6.691531419754028,50.18000850669166
6.713565111160278,49.478527402988604
6.73542594909668,48.830512815944154
6.756971836090088,48.23932759449395
6.778435230255127,47.69796005945807
6.799961566925049,47.203296343136564
6.82156229019165,46.75610481091742
6.843008041381836,46.361366579270175
6.864458322525024,46.01607746139395
6.886193037033081,45.71713850113249
6.910632371902466,45.44265913520691
6.9334938526153564,45.24533010518942
6.956831932067871,45.10341441582195
6.981215715408325,45.01958754836983
7.004069089889526,45.00091921131443
7.026510953903198,45.039013078255394
7.049415111541748,45.13549515561841
7.070657730102539,45.276882665191565
7.092028856277466,45.46936845174851
7.113420724868774,45.71229197196734
7.134950637817383,46.00726855327323
7.15805196762085,46.37971768612217
7.179683208465576,46.780542138140774
7.201994895935059,47.24624157570164
7.2234861850738525,47.74447292874406
7.245050430297852,48.29279157383318
7.266179323196411,48.876455075132576
7.287827253341675,49.52142766188014
7.309254884719849,50.20592845149504
7.3308563232421875,50.94160727807247
7.352660655975342,51.7297940754214
7.374832630157471,52.577295967543385
7.399014234542847,53.55332224064082
7.421802997589111,54.521279731450484
7.443580150604248,55.48876180383861
7.465358734130859,56.49669080894873
7.487102031707764,57.542097440672194
7.509880781173706,58.677872993124026
7.532332181930542,59.836569673651056
7.55417013168335,60.99960750578417
7.575698614120483,62.17956966460615
7.597433805465698,63.40312842866173
7.619391202926636,64.67066753696886
7.642569541931152,66.04134568047786
7.665200233459473,67.41029099431957
7.687003135681152,68.75617911268523
7.708926439285278,70.1346182348747
7.731635332107544,71.58726833696696
7.754051446914673,73.04417301531501
7.779521942138672,74.72500372305701
7.801980495452881,76.2274435589609
7.824673652648926,77.76297931473351
7.84801459312439,79.35854740126827
7.870792627334595,80.92944219800407
7.892580986022949,82.44297608778508
7.914378643035889,83.96601240009302
7.936602354049683,85.52608777067083
7.959367990493774,87.12984205558354
7.981409072875977,88.68607156759741
8.003430843353271,90.2425108522928
8.025527238845825,91.80393068440684
8.04773235321045,93.3708408633207
8.069502830505371,94.90311188528804
8.091217517852783,96.42574647885164
8.113463878631592,97.97789501190734
8.135798692703247,99.52641336037482
8.159744262695312,101.17353493743059
8.182612180709839,102.73180622224706
8.205073595046997,104.24639816699381
8.227483749389648,105.73986301703707
8.25033187866211,107.24242551647362
8.274317741394043,108.79588124870983
8.297601699829102,110.27837923852685
8.320096254348755,111.68487731878906
8.34198522567749,113.02753777017998
8.364442825317383,114.37677326034485
8.386526823043823,115.6739928965228
8.409157514572144,116.97126384483573
8.431770086288452,118.23345812520904
8.454349756240845,119.45827727742787
8.476956605911255,120.64744909759426
8.499874114990234,121.81351249226948
8.523080348968506,122.95225491258924
8.545722723007202,124.02114160008757
8.567875146865845,125.02526330216153
8.590201139450073,125.99434443625042
8.612548828125,126.92003835148432
8.634788513183594,127.79609881480174
8.657643795013428,128.64834510994854
8.680501461029053,129.4508646995962
8.702734470367432,130.18267450997067
8.725109815597534,130.86969202146173
8.748096942901611,131.52291502316956
8.770546674728394,132.10862489672775
8.792789936065674,132.6373115320157
8.815224647521973,133.11782762874938
8.83708930015564,133.5346200984586
8.859457015991211,133.9078656980586
8.881537914276123,134.2231672715402
8.904055118560791,134.48991364059682
8.926090955734253,134.6970788517719
8.949952840805054,134.86101835252316
8.972103357315063,134.95680269461099
8.994545936584473,134.99834857071255
9.016921520233154,134.98410445372537
9.039203405380249,134.91470322492515
9.062103748321533,134.78604942449076
9.084714412689209,134.60217146120283
9.106727361679077,134.3691059823005
9.12855052947998,134.08568922996113
9.150474071502686,133.7488114995686
9.172439336776733,133.3592665857502
9.194563388824463,132.9147337956286
9.216861486434937,132.41426825939544
9.239076614379883,131.86392543881385
9.262559652328491,131.22676810191737
9.285364389419556,130.55432405282406
9.308018684387207,129.83479465777157
9.330705165863037,129.0636979201889
9.353067398071289,128.25507348640812
9.375288486480713,127.4047995754292
9.397317171096802,126.51690756698318
9.41960883140564,125.57391577188625
9.442612886428833,124.55507579163714
9.4659423828125,123.47575271418722
9.489057540893555,122.36200864324037
9.512963771820068,121.16529194726763
9.536182641983032,119.96090255113045
9.558698892593384,118.7548835798992
9.580622434616089,117.54603954188974
9.602747201919556,116.29298896202512
9.625158548355103,114.99134132858427
9.647542953491211,113.6603450907991
9.669333696365356,112.33653886596898
9.691232204437256,110.97982679153627
9.71668004989624,109.37214550212313
9.739273071289062,107.91880091980954
9.762351989746094,106.41091463448734
9.78523063659668,104.89482216884977
9.808063507080078,103.36258466885808
9.830629110336304,101.8313883711426
9.853265523910522,100.28045562163629
9.875694990158081,98.73087725102752
9.897795915603638,97.19338784828403
9.919708013534546,95.66047147639111
9.942052602767944,94.09040631190784
9.96486520767212,92.48227155302936
9.988342523574829,90.82397240192884
10.011649370193481,89.17660049782788
10.034919500350952,87.53292351126517
10.057426691055298,85.94624923178968
10.080080032348633,84.35439198916616
10.102483034133911,82.78714860252843
10.125128746032715,81.21201003202805
10.147526979446411,79.66501503683637
10.169565916061401,78.15531158966856
10.19168496131897,76.65439412582381
10.213639259338379,75.18058081195291
10.237110137939453,73.62449274451569
10.26019835472107,72.11547807171813
10.283621549606323,70.60861443308465
10.306529998779297,69.16024005518119
10.33047890663147,67.67496139170598
10.35300087928772,66.30696473640944
10.375171422958374,64.98926535787993
10.398004293441772,63.663919985313214
10.420710325241089,62.37952613240981
10.443382740020752,61.132087454844395
10.466280937194824,59.90939053648337
10.488709688186646,58.74948640981907
10.511636972427368,57.60389892216322
10.534523725509644,56.50223811345703
10.557965755462646,55.41873757782915
10.581663846969604,54.37106171395239
10.604369878768921,53.41353422094586
10.626667261123657,52.51852091472128
10.648797035217285,51.67569047379628
10.671091318130493,50.87341925702044
10.692643642425537,50.143448652716096
10.71457576751709,49.44750938429966
10.73753809928894,48.7704627548772
10.760011672973633,48.15975439738235
10.783249139785767,47.58311985362502
10.80608057975769,47.0715920868081
10.82951045036316,46.604060124276295
10.852360963821411,46.20469565213922
10.874162673950195,45.876247382673846
10.896344661712646,45.59517673733392
10.918627738952637,45.3670994008861
10.940464735031128,45.196632054935655
10.962255477905273,45.07906839288922
10.984334468841553,45.01362355994306
11.005906105041504,45.00193651778864
11.027170658111572,45.040978557139894
11.048754692077637,45.13189940423069
11.070190906524658,45.27323981285838
11.09194827079773,45.468548231318216
11.113955974578857,45.719012661494254
11.13553762435913,46.01601692428439
11.15800404548645,46.378885437234935
11.180398941040039,46.794660033095006
11.202550172805786,47.25850373290083
11.224843263626099,47.777556517854386
11.247353792190552,48.35419969116867
11.269052505493164,48.9593370419055
11.292606830596924,49.67016348881386
11.316576957702637,50.45020458615409
11.339319944381714,51.24216111598943
11.363036632537842,52.12068871193808
11.385385513305664,52.996676973578786
11.408573627471924,53.953743774896964
11.430890321731567,54.92001448124974
11.453228235244751,55.9303687334337
11.474972009658813,56.95414408605483
11.497013807296753,58.03128827678768
11.51975131034851,59.1825681642732
11.542953491210938,60.3978864377347
11.566159725189209,61.6527434611901
11.588763952255249,62.91127152968073
11.611466884613037,64.20966454963164
11.633837223052979,65.52112275382127
11.656217575073242,66.86341064190937
11.67815351486206,68.20680016531911
11.700533390045166,69.60402840485173
11.722765445709229,71.01698573372873
11.745165586471558,72.46403278750174
11.767688751220703,73.94091131685508
11.790355205535889,75.44747275975104
11.81426191329956,77.05641896174356
11.836251735687256,78.55252520691121
11.857774257659912,80.03007496820585
11.879503726959229,81.53338528899673
11.901181697845459,83.04296206750895
11.9229576587677,84.56748065285367
11.944504737854004,86.08223726614257
11.965921878814697,87.59230979122381
11.987713813781738,89.13159458116057
12.009461641311646,90.66877939224179
12.032313585281372,92.2831320835959
12.053953409194946,93.80917801672605
12.07552456855774,95.32600363361763
12.09682321548462,96.81767516492064
12.123034477233887,98.64275783743764
12.144522905349731,100.12820129762935
12.16590428352356,101.59479524832749
12.187164545059204,103.04011777850748
12.208431243896484,104.4713293666967
12.230010509490967,105.9070628832093
12.25164008140564,107.32780302860056
12.281789541244507,109.27444856472331
12.303225755691528,110.63247242029746
12.32653522491455,112.0825739334136
12.34820032119751,113.40387571796181
12.37073278427124,114.74930313846126
12.39210557937622,115.996863608894
12.416494846343994,117.38462782285465
12.438306093215942,118.59172054061557
12.468831062316895,120.22439834159877
12.490737676620483,121.35350028069952
12.512203931808472,122.4239035316176
12.533643245697021,123.45617143552354
12.555011510848999,124.44726815197677
12.57636570930481,125.39894556693635
12.598032712936401,126.32385402853183
12.619397163391113,127.19465765738519
12.640999555587769,128.03256833153256
12.66271424293518,128.83070281570585
12.683955192565918,129.56772549469764
12.70548963546753,130.26996694552852
12.728753805160522,130.9768192835789
12.752522230148315,131.64247956922583
12.774976968765259,132.21804661652718
12.797285556793213,132.7378624571764
12.819812536239624,133.20951706180472
12.84154224395752,133.61322520453908
12.864331245422363,133.98202361796507
12.886646509170532,134.28855001732165
12.908902406692505,134.54006666521354
12.931774139404297,134.74183068946795
12.95453429222107,134.88528886264672
12.977641820907593,134.97225079829394
13.000069379806519,134.999999732768
13.022641897201538,134.97154214769762
13.045209646224976,134.8865767822032
13.067550897598267,134.74690882419145
13.089687824249268,134.55416842424455
13.11213994026184,134.30366269133165
13.134246349334717,134.0031787116676
13.156144380569458,133.65321983383973
13.177663564682007,133.25900090980787
13.199701309204102,132.8040628626334
13.223102807998657,132.264838465579
13.245272636413574,131.70130814591258
13.267721176147461,131.07917151613913
13.291099786758423,130.37698004173052
13.313791275024414,129.6433486198991
13.336430072784424,128.86123473126145
13.35877513885498,128.04107835644737
13.380861520767212,127.18436240438803
13.403156995773315,126.27415049812777
13.425137042999268,125.33326390853377
13.447694063186646,124.32390187653056
13.47006893157959,123.28011983472437
13.493316173553467,122.15211923079838
13.516596794128418,120.97953834270685
13.54044246673584,119.73556618201258
13.563298463821411,118.50404657178704
13.585752010345459,117.25843031490608
13.608055114746094,115.98759123616588
13.630467176437378,114.67841949713451
13.652174949645996,113.38121514559292
13.674346446990967,112.02825091933889
13.69728422164917,110.60042998160908
13.72063398361206,109.11951001365304
13.744459629058838,107.58191276496633
13.76703405380249,106.10231083349987
13.790736198425293,104.52704093648272
13.813645124435425,102.98533073388535
13.836178541183472,101.45247832466117
13.858493566513062,99.92033732365783
13.880689859390259,98.38425466004026
13.903322219848633,96.80751343721955
13.926417589187622,95.189660944634
13.948693752288818,93.62270038830567
13.971141815185547,92.03916635452958
13.994626998901367,90.37979055863671
14.016934394836426,88.80311932670058
14.040136098861694,87.1648254075707
14.06345796585083,85.52184515292014
14.08626675605774,83.92080691860227
14.108530044555664,82.36556883248855
14.131661415100098,80.75960444414766
14.153403520584106,79.26117643969549
14.175238609313965,77.76894755708474
14.19758129119873,76.25693588335876
14.219796419143677,74.77033390843843
14.242317914962769,73.28216719835217
14.265782356262207,71.75397280096996
14.289147853851318,70.25684746313625
14.311494827270508,68.84983506380289
14.334307432174683,67.44039619195925
14.356677055358887,66.08644185496554
14.3790123462677,64.76401949501467
14.40116024017334,63.48335806833644
14.42363452911377,62.21663466378679
14.446791410446167,60.94766974832528
14.469266891479492,59.752784934528314
14.491672992706299,58.599109006100804
14.514504432678223,57.463549017124855
14.53717589378357,56.37734748611506
14.559788465499878,55.33643706657486
14.58205270767212,54.35427824150198
14.604290246963501,53.416811720636964
14.62666916847229,52.51844630534556
14.648980379104614,51.668899709890695
14.670572996139526,50.891530266952685
14.692745208740234,50.1401161281078
14.714593887329102,49.44695420216728
14.736351251602173,48.804149933958406
14.758028507232666,48.21155927112552
14.779921531677246,47.662244562050034
14.801514863967896,47.169488600744764
14.82295274734497,46.729018864909364
14.844534873962402,46.335146372534275
14.866289138793945,45.98891401130013
14.888679027557373,45.6862294581636
14.911166667938232,45.437390532319
14.93390965461731,45.24227479308723
14.95666217803955,45.10422903356527
14.978641271591187,45.02532400095333
15.000293970108032,45.00000479765051
15.0219247341156,45.02668382091425
15.043490409851074,45.10496399851698
15.06463074684143,45.23170082407963
15.086260318756104,45.412458097065
15.107801914215088,45.64363138332244
15.12942910194397,45.926807880598254
15.151221990585327,46.26359858910366
15.17246699333191,46.641256529033626
15.1938796043396,47.070748072186916
15.215588569641113,47.55575559001374
15.236842393875122,48.07840845354202
15.258752822875977,48.666109450806026
15.28092074394226,49.3105364447981
15.30272102355957,49.99239193050289
15.325013875961304,50.738158947331776
15.348008394241333,51.557824012549844
15.370384454727173,52.40359556725908
15.392688989639282,53.29288406086055
15.415409803390503,54.24508545438068
15.438302040100098,55.250522773414474
15.461051225662231,56.2941878078702
15.48298454284668,57.34118713434372
15.504639863967896,58.41294959868628
15.525986433029175,59.50520508921129
15.548168659210205,60.676524442757824
15.571385622024536,61.94058540669541
15.594155073165894,63.21653491166317
15.616560459136963,64.50553267462593
15.638346195220947,65.78917328089871
15.660545349121094,67.12632496965222
15.682324171066284,68.46519371193774
15.704644680023193,69.86349774095723
15.727056503295898,71.29242270320722
15.749839305877686,72.76875193114867
15.773132801055908,74.30097287222557
15.797899723052979,75.95311749723014
15.821449279785156,77.5438085712084
15.844226121902466,79.09854143295604
15.86801290512085,80.73707527780093
15.890178203582764,82.2755996894612
15.911952495574951,83.79611107600294
15.933929204940796,85.33811015321592
15.955739498138428,86.87392927482485
15.978031873703003,88.44747281422944
16.00087571144104,90.06190037465025
16.02293109893799,91.62055338585556
16.04464602470398,93.15325532026189
16.066155910491943,94.6678738877531
16.087801933288574,96.18669581502213
16.10936403274536,97.69252117673004
16.13200569152832,99.26421108757894
0.0012888908386230469,90.09110626253275
0.036628007888793945,92.58765311162183
0.06133699417114258,94.3289518165556
0.0845944881439209,95.96205019264733
0.10741043090820312,97.55642582635528
0.13023734092712402,99.14185572657385
0.15288138389587402,100.70297862202112
0.17550444602966309,102.24913485363604
0.19878292083740234,103.82391974846598
0.22085332870483398,105.29994498352555
0.24241018295288086,106.72388788350742
0.265575647354126,108.23266982455779
0.2882106304168701,109.68359929561556
0.31122875213623047,111.133562163058
0.3351459503173828,112.61086931738514
0.35736584663391113,113.95478820897003
0.3802320957183838,115.30731930639485
0.4022829532623291,116.58071906076621
0.4248790740966797,117.85251452483843
0.44759154319763184,119.0954989549092
0.4715261459350586,120.3652651170133
0.4963498115539551,121.63683781129994
0.5199570655822754,122.8015106580516
0.5427865982055664,123.8849349456656
0.5657052993774414,124.92876290836551
0.5884246826171875,125.91884115902968
0.6118898391723633,126.89338694702255
0.6357495784759521,127.83292475094638
0.658879280090332,128.6930054536661
0.6833527088165283,129.54742355484674
0.7065057754516602,130.3019712078346
0.7298669815063477,131.00927728002065
0.7527496814727783,131.64857063999654
0.7753481864929199,132.22712238369803
0.7988882064819336,132.77319293728047
0.8222839832305908,133.25797944393895
0.8450198173522949,133.67312898433755
0.8677895069122314,134.03307528262718
0.8912196159362793,134.34466025268608
0.9140052795410156,134.59007407878428
0.9369704723358154,134.7796284169741
0.9610559940338135,134.91582791574226
0.9835500717163086,134.98497805644647
1.00528883934021,134.99844711060695
1.0271353721618652,134.95912779358528
1.0487592220306396,134.8680760962306
1.0702950954437256,134.72594923487793
1.092162847518921,134.5292661702619
1.11348557472229,134.28689542851333
1.1349315643310547,133.99301508813613
1.1570792198181152,133.63712730498227
1.1787400245666504,133.23797882589793
1.200730323791504,132.78156252176979
1.2225980758666992,132.27707393632988
1.2445383071899414,131.72078757473557
1.266003131866455,131.12860023088263
1.2883000373840332,130.46396130290657
1.3113877773284912,129.72345676142388
1.3336350917816162,128.9604737688411
1.3560919761657715,128.1420576539235
1.3787415027618408,127.26855485885514
1.401723861694336,126.3340082012772
1.4249305725097656,125.34229990785826
1.446967363357544,124.35709825407599
1.468651294708252,123.3474857512953
1.4905688762664795,122.28768680795409
1.512681484222412,121.17968267520695
1.5358850955963135,119.9765921651173
1.558572769165039,118.76174062028822
1.5808017253875732,117.53601697430017
1.6036348342895508,116.24204456709074
1.626772403717041,114.89639402613176
1.649815320968628,113.52356495070191
1.673553228378296,112.07712591394345
1.6971418857574463,110.60937443344582
1.7200987339019775,109.15375302215057
1.742541790008545,107.70662142827824
1.7666428089141846,106.12813211305156
1.7895493507385254,104.60641725860775
1.8126251697540283,103.054343475692
1.8347296714782715,101.55149092934737
1.8568053245544434,100.0367012030284
1.8787894248962402,98.51619868320908
1.9003725051879883,97.01354305939529
1.9228601455688477,95.43936167319129
1.9462082386016846,93.79779269461969
1.9684395790100098,92.22996101761694
1.9916374683380127,90.59109553150314
2.013641595840454,89.03580620281929
2.0357348918914795,87.47537560225926
2.057948589324951,85.90950977285318
2.079878807067871,84.36850366493556
2.102018356323242,82.81957198179425
2.1241166591644287,81.28218386401548
2.1460049152374268,79.76975695533297
2.168346405029297,78.23849568987036
2.1907711029052734,76.71609857933987
2.2145910263061523,75.11707375401762
2.236934185028076,73.63607801619423
2.2591774463653564,72.18172073080626
2.2815864086151123,70.7385272288229
2.3040196895599365,69.31767019761338
2.3262805938720703,67.93311046641489
2.3480725288391113,66.60384005721029
2.3699162006378174,65.29892424872237
2.392697334289551,63.96900523257983
2.4150192737579346,62.69821119980814
2.4368724822998047,61.486604200773264
2.4591856002807617,60.284171685773146
2.4826266765594482,59.0602960719551
2.505648136138916,57.89914328205426
2.52824068069458,56.800422845805656
2.550774574279785,55.74619867532494
2.5733306407928467,54.73391264027582
2.5956618785858154,53.77531976543285
2.61820387840271,52.852884497194275
2.63969087600708,52.016956014966254
2.6615021228790283,51.212667245103354
2.68292498588562,50.46701095656388
2.7046988010406494,49.755012110569886
2.7269928455352783,49.074782599895016
2.7502150535583496,48.41960614638525
2.7740015983581543,47.805868260556096
2.797822952270508,47.25026044217886
2.8215575218200684,46.75619805325861
2.8436977863311768,46.349490536233795
2.8655824661254883,45.99935564956109
2.8871536254882812,45.70511514857085
2.9096176624298096,45.45275141267995
2.9322264194488525,45.25476098807882
2.9547646045684814,45.11355240086088
2.9771058559417725,45.02909539711884
2.999758243560791,45.00000324472853
3.0228288173675537,45.02892960879733
3.045773983001709,45.11627131100657
3.068303108215332,45.25875369626117
3.0904626846313477,45.453555378523966
3.112393856048584,45.69948607439549
3.1344656944274902,46.000069232714274
3.1571624279022217,46.36430961819027
3.1796019077301025,46.778941927953
3.2018373012542725,47.24276734384867
3.2244198322296143,47.76721328003672
3.2475860118865967,48.360420983237766
3.270343065261841,48.99683766926094
3.294079542160034,49.71645137536029
3.316441297531128,50.44563107589705
3.3389625549316406,51.22933086592421
3.3613827228546143,52.057704062733606
3.3833799362182617,52.916187446308086
3.405423641204834,53.82089563804927
3.428102731704712,54.79693646570932
3.4506757259368896,55.812771217983425
3.4731192588806152,56.86539044417291
3.4954512119293213,57.95364954929186
3.5191092491149902,59.14951200753472
3.5411500930786133,60.30199508540514
3.564387559890747,61.55556549440885
3.588186264038086,62.87867572944262
3.610069751739502,64.12879766775367
3.6322383880615234,65.42636901997017
3.6543128490448,66.74803576059881
3.6766507625579834,68.11392559723548
3.6983234882354736,69.46490918175311
3.7208781242370605,70.89611355881921
3.743032217025757,72.32525364292033
3.7664170265197754,73.85696952987222
3.790621519088745,75.46528710641917
3.814483880996704,77.07144666293664
3.8371269702911377,78.61236741440399
3.8594536781311035,80.14587056670611
3.883928060531616,81.84073977029217
3.906555652618408,83.41850087531218
3.9291248321533203,85.00047230373893
3.9515328407287598,86.57736694131202
3.974294900894165,88.18350729101603
3.9963972568511963,89.74533845261129
4.01847505569458,91.30574143409997
4.0422210693359375,92.9822442044301
4.0651631355285645,94.59807167732237
4.08903694152832,96.27315275130404
4.111755132675171,97.85899559099859
4.133764982223511,99.3858686473486
4.156392335891724,100.94386743409478
4.178395986557007,102.44568095063912
4.200428009033203,103.93453503296486
4.22269344329834,105.42220212797844
4.244948148727417,106.89030358020801
4.267385244369507,108.34953922524488
4.291128396987915,109.86885969836536
4.314960956573486,111.36610869017031
4.337315320968628,112.74331854484697
4.3598692417144775,114.1044013463412
4.382041931152344,115.4129988678919
4.403754949569702,116.66460571474398
4.425726652145386,117.89954659144306
4.4475719928741455,119.09444472480259
4.4694504737854,120.25682180602527
4.492023944854736,121.4186555993999
4.514748573303223,122.54837016822282
4.537319183349609,123.62938342490773
4.559683084487915,124.65881241558284
4.582903146743774,125.68238088637848
4.605072498321533,126.61535950266841
4.627314567565918,127.50678031970355
4.649750471115112,128.35958853684974
4.6720194816589355,129.158947465442
4.693799734115601,129.89442427241542
4.715827465057373,130.5907647392624
4.737727880477905,131.23491065967545
4.760676383972168,131.85751856340963
4.784031867980957,132.43532377625516
4.80756688117981,132.95980053337206
4.831164360046387,133.4267289651081
4.856163024902344,133.85629223310215
4.879072189331055,134.1905903010454
4.901123523712158,134.4583296933015
4.92346978187561,134.67523807798463
4.945949554443359,134.83790861511102
4.968096733093262,134.94350608197786
4.9902238845825195,134.99469425494243
5.011963605880737,134.99205427214508
5.033484935760498,134.93776695010797
5.0549445152282715,134.83250518594815
5.076889514923096,134.67218522848964
5.1001245975494385,134.44459671311762
5.122368574142456,134.17124816739195
5.144437551498413,133.84676251648733
5.167043447494507,133.45976142557322
5.188960075378418,133.03224257101118
5.211120367050171,132.54812289002126
5.233514785766602,132.00652101681843
5.255372524261475,131.42777186316604
5.2781922817230225,130.77145924471648
5.300517797470093,130.0786638459435
5.323447227478027,129.31583406581333
5.346852779388428,128.48457514101113
5.369404077529907,127.6344414204254
5.39155650138855,126.75336373355424
5.413647890090942,125.8303988520335
5.435561895370483,124.87221875543779
5.458158731460571,123.84092763033485
5.480554103851318,122.77676395462449
5.502502679824829,121.69446957213351
5.5251405239105225,120.53873874274657
5.548687219619751,119.29566184185218
5.571469783782959,118.05476344836565
5.59425950050354,116.77753302803995
5.616855621337891,115.47727216467293
5.640198469161987,114.10035956117805
5.693787336349487,110.81987660634027
5.716350317001343,109.39318007047007
5.738886833190918,107.94384135837448
5.761492013931274,106.46750128582042
5.784332513809204,104.95471339683698
5.80687141418457,103.44302447483506
5.8294596672058105,101.91112315207401
5.8517746925354,100.38302116268089
5.874230861663818,98.83238060565114
5.896306991577148,97.29726054221219
5.918498992919922,95.74524304484619
5.940917730331421,94.17028708463813
5.9622132778167725,92.66941794056397
5.983790636062622,91.14564862449782
6.005095481872559,89.63982545630904
6.026668310165405,88.1154795120148
6.047935724258423,86.6148242447486
6.070035219192505,85.05948154463033
6.091737985610962,83.53784298165226
6.114076375961304,81.97949962443982
6.136449813842773,80.42860974121258
6.159311294555664,78.8561139104393
6.1817779541015625,77.32476331423874
6.204410791397095,75.79805053754421
6.22684121131897,74.30269443021174
6.249287128448486,72.82581054671797
6.271093130111694,71.41145814602157
6.292525291442871,70.04259351236526
6.313941717147827,68.69732561938778
6.3363587856292725,67.31504951161004
6.359144687652588,65.93886274465274
6.3814380168914795,64.62224198647334
6.403522491455078,63.3486322245275
6.425555467605591,62.10994844802981
